-- phpMyAdmin SQL Dump
-- version 5.2.1
-- https://www.phpmyadmin.net/
--
-- Host: 127.0.0.1
-- Generation Time: Feb 13, 2024 at 02:49 PM
-- Server version: 10.4.32-MariaDB
-- PHP Version: 8.2.12

SET SQL_MODE = "NO_AUTO_VALUE_ON_ZERO";
START TRANSACTION;
SET time_zone = "+00:00";


/*!40101 SET @OLD_CHARACTER_SET_CLIENT=@@CHARACTER_SET_CLIENT */;
/*!40101 SET @OLD_CHARACTER_SET_RESULTS=@@CHARACTER_SET_RESULTS */;
/*!40101 SET @OLD_COLLATION_CONNECTION=@@COLLATION_CONNECTION */;
/*!40101 SET NAMES utf8mb4 */;

--
-- Database: `db_slms`
--

-- --------------------------------------------------------

--
-- Table structure for table `book`
--

CREATE TABLE `book` (
  `book_id` int(11) NOT NULL,
  `book_title` varchar(100) NOT NULL,
  `category_id` int(50) NOT NULL,
  `author` varchar(50) NOT NULL,
  `book_copies` int(11) NOT NULL,
  `book_pub` varchar(100) NOT NULL,
  `publisher_name` varchar(100) NOT NULL,
  `isbn` varchar(50) NOT NULL,
  `copyright_year` int(11) NOT NULL,
  `date_receive` varchar(20) NOT NULL,
  `date_added` datetime NOT NULL,
  `status` varchar(30) NOT NULL,
  `book_location` text NOT NULL
) ENGINE=InnoDB DEFAULT CHARSET=latin1 COLLATE=latin1_swedish_ci;

--
-- Dumping data for table `book`
--

INSERT INTO `book` (`book_id`, `book_title`, `category_id`, `author`, `book_copies`, `book_pub`, `publisher_name`, `isbn`, `copyright_year`, `date_receive`, `date_added`, `status`, `book_location`) VALUES
(15, 'Natural Resources', 8, 'Robin Kerrod', 15, 'Marshall Cavendish Corporation', 'Marshall', '1-85435-628-3', 1997, '', '2013-12-11 06:34:27', 'New', '1'),
(16, 'Encyclopedia Americana', 5, 'Grolier', 20, 'Connecticut', 'Grolier Incorporation', '0-7172-0119-8', 1988, '', '2013-12-11 06:36:23', 'Archive', '2'),
(17, 'Algebra 1', 3, 'Carolyn Bradshaw, Michael Seals', 35, 'Pearson Education, Inc', 'Prentice Hall, New Jersey', '0-13-125087-6', 2004, '', '2013-12-11 06:39:17', 'Damage', '3'),
(18, 'The Philippine Daily Inquirer', 7, '..', 3, 'Pasay City', '..', '..', 2013, '', '2013-12-11 06:41:53', 'New', '4'),
(19, 'Science in our World', 4, 'Brian Knapp', 25, 'Regency Publishing Group', 'Prentice Hall, Inc', '0-13-050841-1', 1996, '', '2013-12-11 06:44:44', 'Damage', '5'),
(20, 'Literature', 9, 'Greg Glowka', 20, 'Regency Publishing Group', 'Prentice Hall, Inc', '0-13-050841-1', 2001, '', '2013-12-11 06:47:44', 'Old', '6'),
(21, 'Lexicon Universal Encyclopedia', 5, 'Lexicon', 10, 'Lexicon Publication', 'Pulication Inc., Lexicon', '0-7172-2043-5', 1993, '', '2013-12-11 06:49:53', 'Old', '2'),
(22, 'Science and Invention Encyclopedia', 5, 'Clarke Donald, Dartford Mark', 16, 'H.S. Stuttman inc. Publishing', 'Publisher , Westport Connecticut', '0-87475-450-x', 1992, '', '2013-12-11 06:52:58', 'New', ''),
(23, 'Integrated Science Textbook ', 4, 'Merde C. Tan', 15, 'Vibal Publishing House Inc.', '12536. Araneta Avenue Corner Ma. Clara St., Quezon City', '971-570-124-8', 2009, '', '2013-12-11 06:55:27', 'New', '5'),
(24, 'Algebra 2', 3, 'Glencoe McGraw Hill', 15, 'The McGrawHill Companies Inc.', 'McGrawhill', '978-0-07-873830-2', 2008, '', '2013-12-11 06:57:35', 'New', '3'),
(25, 'Wiki at Panitikan ', 7, 'Lorenza P. Avera', 28, 'JGM & S Corporation', 'JGM & S Corporation', '971-07-1574-7', 2000, '', '2013-12-11 06:59:24', 'Damage', '4'),
(26, 'English Expressways TextBook for 4th year', 9, 'Virginia Bermudez Ed. O. et al', 23, 'SD Publications, Inc.', 'Gregorio Araneta Avenue, Quezon City', '978-971-0315-33-8', 2007, '', '2013-12-11 07:01:25', 'New', '6'),
(27, 'Asya Pag-usbong Ng Kabihasnan ', 8, 'Ricardo T. Jose, Ph . D.', 21, 'Vibal Publishing House Inc.', 'Araneta Avenue . Cor. Maria Clara St., Quezon City', '971-07-2324-3', 2008, '', '2013-12-11 07:02:56', 'New', '1'),
(28, 'Literature (the readers choice)', 9, 'Glencoe McGraw Hill', 20, '..', 'the McGrawHill Companies Inc', '0-02-817934-x', 2001, '', '2013-12-11 07:05:25', 'Damage', '6'),
(29, 'Beloved a Novel', 9, 'Toni Morrison', 13, '..', 'Alfred A. Knoff, Inc', '0-394-53597-9', 1987, '', '2013-12-11 07:07:02', 'Old', '6'),
(30, 'Silver Burdett Engish', 2, 'Judy Brim', 12, 'Silver Burdett Company', 'Silver', '0-382-03575-5', 1985, '', '2013-12-11 09:22:50', 'Old', ''),
(31, 'The Corporate Warriors (Six Classic Cases in American Business)', 8, 'Douglas K. Ramsey', 8, 'Houghton Miffin Company', '..', '0-395-35487-0', 1987, '', '2013-12-11 09:25:32', 'Old', '1'),
(32, 'Introduction to Information System', 9, 'Cristine Redoblo', 10, 'CHMSC', 'Brian INC', '123-132', 2013, '', '2014-01-17 19:00:10', 'New', '6');

-- --------------------------------------------------------

--
-- Table structure for table `borrow`
--

CREATE TABLE `borrow` (
  `borrow_id` int(11) NOT NULL,
  `member_id` bigint(50) NOT NULL,
  `date_borrow` varchar(100) NOT NULL,
  `due_date` varchar(100) DEFAULT NULL
) ENGINE=MyISAM DEFAULT CHARSET=utf8 COLLATE=utf8_general_ci;

-- --------------------------------------------------------

--
-- Table structure for table `borrowdetails`
--

CREATE TABLE `borrowdetails` (
  `borrow_details_id` int(11) NOT NULL,
  `book_id` int(11) NOT NULL,
  `borrow_id` int(11) NOT NULL,
  `borrow_status` varchar(50) NOT NULL,
  `date_return` varchar(100) NOT NULL
) ENGINE=MyISAM DEFAULT CHARSET=latin1 COLLATE=latin1_swedish_ci;

-- --------------------------------------------------------

--
-- Table structure for table `category`
--

CREATE TABLE `category` (
  `category_id` int(11) NOT NULL,
  `classname` varchar(50) DEFAULT NULL
) ENGINE=MyISAM DEFAULT CHARSET=utf8 COLLATE=utf8_general_ci;

--
-- Dumping data for table `category`
--

INSERT INTO `category` (`category_id`, `classname`) VALUES
(1, 'Periodical'),
(2, 'English'),
(3, 'Math'),
(4, 'Science'),
(5, 'Encyclopedia'),
(6, 'Filipiniana'),
(7, 'Newspaper'),
(8, 'General'),
(9, 'References');

-- --------------------------------------------------------

--
-- Table structure for table `lost_book`
--

CREATE TABLE `lost_book` (
  `Book_ID` int(11) NOT NULL,
  `ISBN` int(11) NOT NULL,
  `Member_No` varchar(50) NOT NULL,
  `Date Lost` date NOT NULL
) ENGINE=InnoDB DEFAULT CHARSET=latin1 COLLATE=latin1_swedish_ci;

-- --------------------------------------------------------

--
-- Table structure for table `member`
--

CREATE TABLE `member` (
  `member_id` int(11) NOT NULL,
  `firstname` varchar(100) NOT NULL,
  `lastname` varchar(100) NOT NULL,
  `gender` varchar(10) NOT NULL,
  `address` varchar(100) NOT NULL,
  `contact` varchar(100) NOT NULL,
  `type` varchar(100) NOT NULL,
  `year_level` varchar(100) NOT NULL,
  `status` varchar(100) NOT NULL
) ENGINE=InnoDB DEFAULT CHARSET=latin1 COLLATE=latin1_swedish_ci;

--
-- Dumping data for table `member`
--

INSERT INTO `member` (`member_id`, `firstname`, `lastname`, `gender`, `address`, `contact`, `type`, `year_level`, `status`) VALUES
(1, 'Rica', 'Lapiz', 'Female', 'Lantawan, San Fernando, Cebu', '', 'Student', 'Third Year', '');

-- --------------------------------------------------------

--
-- Table structure for table `type`
--

CREATE TABLE `type` (
  `id` int(11) NOT NULL,
  `borrowertype` varchar(50) DEFAULT NULL
) ENGINE=MyISAM DEFAULT CHARSET=utf8 COLLATE=utf8_general_ci;

--
-- Dumping data for table `type`
--

INSERT INTO `type` (`id`, `borrowertype`) VALUES
(2, 'Teacher'),
(22, 'Student');

-- --------------------------------------------------------

--
-- Table structure for table `users`
--

CREATE TABLE `users` (
  `user_id` int(11) NOT NULL,
  `username` varchar(100) NOT NULL,
  `password` varchar(100) NOT NULL,
  `firstname` varchar(100) NOT NULL,
  `lastname` varchar(100) NOT NULL
) ENGINE=InnoDB DEFAULT CHARSET=latin1 COLLATE=latin1_swedish_ci;

--
-- Dumping data for table `users`
--

INSERT INTO `users` (`user_id`, `username`, `password`, `firstname`, `lastname`) VALUES
(1, 'admin', 'admin', 'NHYL', 'TANGARO');

--
-- Indexes for dumped tables
--

--
-- Indexes for table `book`
--
ALTER TABLE `book`
  ADD PRIMARY KEY (`book_id`);

--
-- Indexes for table `borrow`
--
ALTER TABLE `borrow`
  ADD PRIMARY KEY (`borrow_id`),
  ADD KEY `borrowerid` (`member_id`),
  ADD KEY `borrowid` (`borrow_id`);

--
-- Indexes for table `borrowdetails`
--
ALTER TABLE `borrowdetails`
  ADD PRIMARY KEY (`borrow_details_id`);

--
-- Indexes for table `category`
--
ALTER TABLE `category`
  ADD PRIMARY KEY (`category_id`),
  ADD UNIQUE KEY `category_id` (`category_id`),
  ADD KEY `classid` (`category_id`);

--
-- Indexes for table `lost_book`
--
ALTER TABLE `lost_book`
  ADD PRIMARY KEY (`Book_ID`);

--
-- Indexes for table `member`
--
ALTER TABLE `member`
  ADD PRIMARY KEY (`member_id`);

--
-- Indexes for table `type`
--
ALTER TABLE `type`
  ADD PRIMARY KEY (`id`),
  ADD KEY `borrowertype` (`borrowertype`),
  ADD KEY `id` (`id`);

--
-- Indexes for table `users`
--
ALTER TABLE `users`
  ADD PRIMARY KEY (`user_id`);

--
-- AUTO_INCREMENT for dumped tables
--

--
-- AUTO_INCREMENT for table `book`
--
ALTER TABLE `book`
  MODIFY `book_id` int(11) NOT NULL AUTO_INCREMENT, AUTO_INCREMENT=33;

--
-- AUTO_INCREMENT for table `borrow`
--
ALTER TABLE `borrow`
  MODIFY `borrow_id` int(11) NOT NULL AUTO_INCREMENT, AUTO_INCREMENT=486;

--
-- AUTO_INCREMENT for table `borrowdetails`
--
ALTER TABLE `borrowdetails`
  MODIFY `borrow_details_id` int(11) NOT NULL AUTO_INCREMENT, AUTO_INCREMENT=168;

--
-- AUTO_INCREMENT for table `category`
--
ALTER TABLE `category`
  MODIFY `category_id` int(11) NOT NULL AUTO_INCREMENT, AUTO_INCREMENT=801;

--
-- AUTO_INCREMENT for table `lost_book`
--
ALTER TABLE `lost_book`
  MODIFY `Book_ID` int(11) NOT NULL AUTO_INCREMENT;

--
-- AUTO_INCREMENT for table `member`
--
ALTER TABLE `member`
  MODIFY `member_id` int(11) NOT NULL AUTO_INCREMENT, AUTO_INCREMENT=67;

--
-- AUTO_INCREMENT for table `type`
--
ALTER TABLE `type`
  MODIFY `id` int(11) NOT NULL AUTO_INCREMENT, AUTO_INCREMENT=42;

--
-- AUTO_INCREMENT for table `users`
--
ALTER TABLE `users`
  MODIFY `user_id` int(11) NOT NULL AUTO_INCREMENT, AUTO_INCREMENT=9;
COMMIT;

/*!40101 SET CHARACTER_SET_CLIENT=@OLD_CHARACTER_SET_CLIENT */;
/*!40101 SET CHARACTER_SET_RESULTS=@OLD_CHARACTER_SET_RESULTS */;
/*!40101 SET COLLATION_CONNECTION=@OLD_COLLATION_CONNECTION */;
